Atomic Number,symbol,element,notes,group,period,subshell,Atomic Weight,Density,Melting Point,Boiling Point,Heat Capacity,Electronegativity,First Ionisation Energy2,Atomic Radius,Van der Waals Radius,Covalent Radius,Valency,First Ionisation Energy
1,H,Hydrogen,"Greek elements hydro- and -gen, meaning 'water-forming'",G1,1,s,1.008,0.00008988,14.01,20.28,14.304,2.2,13.59844,25,120,38,1,1312
2,He,Helium,"Greek h?lios, 'sun'",G18,1,s,4.0026022,0.0001785,,4.22,5.193,,24.58741,31,140,32,2,2372
3,Li,Lithium,"Greek líthos, 'stone'",G1,2,s,6.94,0.534,453.69,1560,3.582,0.98,5.39172,145,182,134,1,520
4,Be,Beryllium,"beryl, a mineral (ultimately from the name of Belur in southern India)",G2,2,s,9.01218315,1.85,1560,2742,1.825,1.57,9.3227,105,,90,2,900
5,B,Boron,"borax, a mineral (from Arabic bawraq)",G13,2,p,10.81,2.34,2349,4200,1.026,2.04,8.29803,85,,82,3,801
6,C,Carbon,"Latin carbo, 'coal'",G14,2,p,12.011,2.267,3800,4300,0.709,2.55,11.2603,70,170,77,4,1087
7,N,Nitrogen,"Greek nítron and -gen, meaning 'niter-forming'",G15,2,p,14.007,0.0012506,63.15,77.36,1.04,3.04,14.53414,65,155,75,5,1402
8,O,Oxygen,"Greek oxy- 'acid' and -gen, meaning 'acid-forming'",G16,2,p,15.999,0.001429,54.36,90.2,0.918,3.44,13.61806,60,152,73,6,1314
9,F,Fluorine,"Latin fluere, 'to flow'",G17,2,p,18.99840316,0.001696,53.53,85.03,0.824,3.98,17.42282,50,147,71,7,1681
10,Ne,Neon,"Greek néon, 'new'",G18,2,p,20.17976,0.0008999,24.56,27.07,1.03,,21.5646,38,154,69,8,2081
11,Na,Sodium,"English soda (The symbol is derived from New Latin natrium, coined from German Natron, 'natron')",G1,3,s,22.98976928,0.971,370.87,1156,1.228,0.93,5.13908,180,227,154,1,496
12,Mg,Magnesium,"Magnesia, a district of Eastern Thessaly in Greece",G2,3,s,24.305,1.738,923,1363,1.023,1.31,7.64624,150,173,130,2,738
13,Al,Aluminium,"alumina, from Latin alumen (gen. aluminis), 'bitter salt, alum'",G13,3,p,26.98153843,2.698,933.47,2792,0.897,1.61,5.98577,125,,118,3,578
14,Si,Silicon,"Latin silex, 'flint' (originally silicium)",G14,3,p,28.085,2.3296,1687,3538,0.705,1.9,8.15169,110,210,111,4,787
15,P,Phosphorus,"Greek ph?sphóros, 'light-bearing'",G15,3,p,30.973762,1.82,317.3,550,0.769,2.19,10.48669,100,180,106,5,1012
16,S,Sulfur,"Latin sulphur, 'brimstone'",G16,3,p,32.06,2.067,388.36,717.87,0.71,2.58,10.36001,100,180,102,6,1000
17,Cl,Chlorine,"Greek chl?rós, 'greenish yellow'",G17,3,p,35.45,0.003214,171.6,239.11,0.479,3.16,12.96764,100,175,99,7,1251
18,Ar,Argon,"Greek argós, 'idle' (because of its inertness)",G18,3,p,39.948,0.0017837,83.8,87.3,0.52,,15.75962,71,188,97,8,1521
19,K,Potassium,"New Latin potassa, 'potash' (The symbol derives from Latin kalium)",G1,4,s,39.09831,0.862,336.53,1032,0.757,0.82,4.34066,220,275,196,1,419
20,Ca,Calcium,"Latin calx, 'lime'",G2,4,s,40.0784,1.54,1115,1757,0.647,1,6.11316,180,,174,2,590
21,Sc,Scandium,"Latin Scandia, 'Scandinavia'",TE,4,d,44.9559085,2.989,1814,3109,0.568,1.36,6.5615,160,,144,2,633
22,Ti,Titanium,"Titans, the sons of the Earth goddess of Greek mythology",TE,4,d,47.8671,4.54,1941,3560,0.523,1.54,6.8281,140,,136,2,659
23,V,Vanadium,"Vanadis, an Old Norse name for the Scandinavian goddess Freyja",TE,4,d,50.94151,6.11,2183,3680,0.489,1.63,6.7462,135,,125,2,651
24,Cr,Chromium,"Greek chróma, 'colour'",TE,4,d,51.99616,7.15,2180,2944,0.449,1.66,6.7665,140,,127,1,653
25,Mn,Manganese,corrupted from magnesia negra; see Magnesium,TE,4,d,54.9380432,7.44,1519,2334,0.479,1.55,7.43402,140,,139,2,717
26,Fe,Iron,English word (The symbol derives from Latin ferrum),TE,4,d,55.8452,7.874,1811,3134,0.449,1.83,7.9024,140,,125,2,763
27,Co,Cobalt,"German Kobold, 'goblin'",TE,4,d,58.9331943,8.86,1768,3200,0.421,1.88,7.6398,135,163,121,2,760
28,Ni,Nickel,"Nickel, a mischievous sprite of German miner mythology",TE,4,d,58.69344,8.912,1728,3186,0.444,1.91,7.881,135,,126,2,737
29,Cu,Copper,"English word, from Latin cuprum, from Ancient Greek Kýpros 'Cyprus'",TE,4,d,63.5463,8.96,1357.77,2835,0.385,1.9,7.72638,135,140,138,1,746
30,Zn,Zinc,"Most likely from German Zinke, 'prong' or 'tooth', though some suggest Persiansang, 'stone'",TE,4,d,65.382,7.134,692.88,1180,0.388,1.65,9.3942,135,139,131,2,906
31,Ga,Gallium,"Latin Gallia, 'France'",G13,4,p,69.7231,5.907,302.9146,2673,0.371,1.81,5.9993,130,187,126,3,579
32,Ge,Germanium,"Latin Germania, 'Germany'",G14,4,p,72.6308,5.323,1211.4,3106,0.32,2.01,7.8994,125,,122,4,762
33,As,Arsenic,"French arsenic, from Greek arsenikón 'yellow arsenic' (influenced by arsenikós, 'masculine' or 'virile'), from a West Asian wanderword ultimately from Old Iranian *zarniya-ka, 'golden'",G15,4,p,74.9215956,5.776,1090,887,0.329,2.18,9.7886,115,185,119,5,947
34,Se,Selenium,"Greek sel?n?, 'moon'",G16,4,p,78.9718,4.809,453,958,0.321,2.55,9.75238,115,190,116,6,941
35,Br,Bromine,"Greek brômos, 'stench'",G17,4,p,79.904,3.122,265.8,332,0.474,2.96,11.81381,115,185,114,7,1140
36,Kr,Krypton,"Greek kryptós, 'hidden'",G18,4,p,83.7982,0.003733,115.79,119.93,0.248,3,13.99961,88,202,110,8,1351
37,Rb,Rubidium,"Latin rubidus, 'deep red'",G1,5,s,85.46783,1.532,312.46,961,0.363,0.82,4.17713,235,,211,1,403
38,Sr,Strontium,"Strontian, a village in Scotland",G2,5,s,87.621,2.64,1050,1655,0.301,0.95,5.6949,200,,192,2,550
39,Y,Yttrium,"Ytterby, a village in Sweden",TE,5,d,88.905841,4.469,1799,3609,0.298,1.22,6.2171,180,,162,2,600
40,Zr,Zirconium,"zircon, a mineral",TE,5,d,91.2242,6.506,2128,4682,0.278,1.33,6.6339,155,,148,2,640
41,Nb,Niobium,"Niobe, daughter of king Tantalus from Greek mythology",TE,5,d,92.906371,8.57,2750,5017,0.265,1.6,6.75885,145,,137,1,652
42,Mo,Molybdenum,"Greek molýbdaina, 'piece of lead', from mólybdos, 'lead'",TE,5,d,95.951,10.22,2896,4912,0.251,2.16,7.09243,145,,145,1,684
43,Tc,Technetium,"Greek tekhn?tós, 'artificial'",TE,5,d,98,11.5,2430,4538,,1.9,7.28,135,,156,1,702
44,Ru,Ruthenium,"New Latin Ruthenia, 'Russia'",TE,5,d,101.072,12.37,2607,4423,0.238,2.2,7.3605,130,,126,1,710
45,Rh,Rhodium,"Greek rhodóeis, 'rose-coloured', from rhódon, 'rose'",TE,5,d,102.905492,12.41,2237,3968,0.243,2.28,7.4589,135,,135,1,720
46,Pd,Palladium,"the asteroid Pallas, considered a planet at the time",TE,5,d,106.421,12.02,1828.05,3236,0.244,2.2,8.3369,140,163,131,,804
47,Ag,Silver,English word (The symbol derives from Latin argentum),TE,5,d,107.86822,10.501,1234.93,2435,0.235,1.93,7.5762,160,172,153,1,731
48,Cd,Cadmium,"New Latin cadmia, from King Kadmos",TE,5,d,112.4144,8.69,594.22,1040,0.232,1.69,8.9938,155,158,148,2,868
49,In,Indium,"Latin indicum, 'indigo' (colour found in its spectrum)",G13,5,p,114.8181,7.31,429.75,2345,0.233,1.78,5.78636,155,193,144,3,558
50,Sn,Tin,English word (The symbol derives from Latin stannum),G14,5,p,118.7107,7.287,505.08,2875,0.228,1.96,7.3439,145,217,141,4,709
51,Sb,Antimony,"Latin antimonium, the origin of which is uncertain: folk etymologies suggest it is derived from Greek antí ('against') + mónos ('alone'), or Old French anti-moine, 'Monk's bane', but it could plausibly be from or related to Arabic ?i?mid, 'antimony', reformatted as a Latin word. (The symbol derives from Latin stibium'stibnite'.)",G15,5,p,121.7601,6.685,903.78,1860,0.207,2.05,8.6084,145,,138,5,834
52,Te,Tellurium,"Latin tellus, 'the ground, earth'",G16,5,p,127.603,6.232,722.66,1261,0.202,2.1,9.0096,140,206,135,6,869
53,I,Iodine,"French iode, from Greek ioeid?s, 'violet')",G17,5,p,126.904473,4.93,386.85,457.4,0.214,2.66,10.45126,140,198,133,7,1008
54,Xe,Xenon,"Greek xénon, neuter form of xénos 'strange'",G18,5,p,131.2936,0.005887,161.4,165.03,0.158,2.6,12.1298,108,216,130,8,1170
55,Cs,Caesium,"Latin caesius, 'sky-blue'",G1,6,s,132.905452,1.873,301.59,944,0.242,0.79,3.8939,260,,225,1,376
56,Ba,Barium,"Greek barýs, 'heavy'",G2,6,s,137.3277,3.594,1000,2170,0.204,0.89,5.2117,215,,198,2,503
57,La,Lanthanum,"Greek lanthánein, 'to lie hidden'",LA,6,f,138.905477,6.145,1193,3737,0.195,1.1,5.5769,195,,169,2,538
58,Ce,Cerium,"the dwarf planet Ceres, considered a planet at the time",LA,6,f,140.1161,6.77,1068,3716,0.192,1.12,5.5387,185,,,2,534
59,Pr,Praseodymium,"Greek prásios dídymos, 'green twin'",LA,6,f,140.907661,6.773,1208,3793,0.193,1.13,5.473,185,,,2,527
60,Nd,Neodymium,"Greek néos dídymos, 'new twin'",LA,6,f,144.2423,7.007,1297,3347,0.19,1.14,5.525,185,,,2,533
61,Pm,Promethium,Prometheus of Greek mythology,LA,6,f,145,7.26,1315,3273,,1.13,5.582,185,,,2,540
62,Sm,Samarium,"samarskite, a mineral named after Colonel Vasili Samarsky-Bykhovets, Russian mine official",LA,6,f,150.362,7.52,1345,2067,0.197,1.17,5.6436,185,,,2,545
63,Eu,Europium,Europe,LA,6,f,151.9641,5.243,1099,1802,0.182,1.2,5.6704,185,,,2,547
64,Gd,Gadolinium,"gadolinite, a mineral named after Johan Gadolin, Finnish chemist, physicist and mineralogist",LA,6,f,157.253,7.895,1585,3546,0.236,1.2,6.1501,180,,,2,593
65,Tb,Terbium,"Ytterby, a village in Sweden",LA,6,f,158.9253548,8.229,1629,3503,0.182,1.2,5.8638,175,,,2,566
66,Dy,Dysprosium,"Greek dysprósitos, 'hard to get'",LA,6,f,162.5001,8.55,1680,2840,0.17,1.22,5.9389,175,,,2,573
67,Ho,Holmium,"New Latin Holmia, 'Stockholm'",LA,6,f,164.9303287,8.795,1734,2993,0.165,1.23,6.0215,175,,,2,581
68,Er,Erbium,"Ytterby, a village in Sweden",LA,6,f,167.2593,9.066,1802,3141,0.168,1.24,6.1077,175,,,2,589
69,Tm,Thulium,"Thule, the ancient name for an unclear northern location",LA,6,f,168.9342186,9.321,1818,2223,0.16,1.25,6.18431,175,,,2,597
70,Yb,Ytterbium,"Ytterby, a village in Sweden",LA,6,f,173.0451,6.965,1097,1469,0.155,1.1,6.25416,175,,,2,603
71,Lu,Lutetium,"Latin Lutetia, 'Paris'",LA,6,d,174.96681,9.84,1925,3675,0.154,1.27,5.4259,175,,160,2,524
72,Hf,Hafnium,"New Latin Hafnia, 'Copenhagen' (from Danish havn)",TE,6,d,178.492,13.31,2506,4876,0.144,1.3,6.82507,155,,150,2,659
73,Ta,Tantalum,"King Tantalus, father of Niobe from Greek mythology",TE,6,d,180.947882,16.654,3290,5731,0.14,1.5,7.5496,145,,138,2,761
74,W,Tungsten,"Swedish tung sten, 'heavy stone' (The symbol is from wolfram, the old name of the tungsten mineral wolframite)",TE,6,d,183.841,19.25,3695,5828,0.132,2.36,7.864,135,,146,2,770
75,Re,Rhenium,"Latin Rhenus, 'the Rhine'",TE,6,d,186.2071,21.02,3459,5869,0.137,1.9,7.8335,135,,159,2,760
76,Os,Osmium,"Greek osm?, 'smell'",TE,6,d,190.233,22.61,3306,5285,0.13,2.2,8.4382,130,,128,2,840
77,Ir,Iridium,"Iris, the Greek goddess of the rainbow",TE,6,d,192.2172,22.56,2719,4701,0.131,2.2,8.967,135,,137,2,880
78,Pt,Platinum,"Spanish platina, 'little silver', from plata 'silver'",TE,6,d,195.0849,21.46,2041.4,4098,0.133,2.28,8.9587,135,175,128,1,870
79,Au,Gold,English word (The symbol derives from Latin aurum),TE,6,d,196.9665704,19.282,1337.33,3129,0.129,2.54,9.2255,135,166,144,1,890.1
80,Hg,Mercury,"Mercury, Roman god of commerce, communication, and luck, known for his speed and mobility (The symbol is from the element's Latin name hydrargyrum, derived from Greek hydrárgyros, 'water-silver')",TE,6,d,200.5923,13.5336,234.43,629.88,0.14,2,10.4375,150,155,149,2,1007
81,Tl,Thallium,"Greek thallós, 'green shoot or twig'",G13,6,p,204.38,11.85,577,1746,0.129,1.62,6.1082,190,196,148,3,589
82,Pb,Lead,English word (The symbol derives from Latin plumbum),G14,6,p,207.21,11.342,600.61,2022,0.129,1.87,7.41666,180,202,147,4,716
83,Bi,Bismuth,"German Wismut, from weiß Masse 'white mass', unless from Arabic",G15,6,p,208.980401,9.807,544.7,1837,0.122,2.02,7.2856,160,,146,5,703
84,Po,Polonium,"Latin Polonia, 'Poland' (the home country of Marie Curie)",G16,6,p,209,9.32,527,1235,,2,8.417,190,,,6,812
85,At,Astatine,"Greek ástatos, 'unstable'",G17,6,p,210,7,575,610,,2.2,,,,,7,890
86,Rn,Radon,radium,G18,6,p,222,0.00973,202,211.3,0.094,2.2,10.7485,120,,145,8,1037
87,Fr,Francium,France,G1,7,s,223,1.87,300,950,,0.7,4.0727,,,,1,380
88,Ra,Radium,"French radium, from Latin radius, 'ray'",G2,7,s,226,5.5,973,2010,0.094,0.9,5.2784,215,,,2,509
89,Ac,Actinium,"Greek aktís, 'ray'",LA,7,f,227,10.07,1323,3471,0.12,1.1,5.17,195,,,2,499
90,Th,Thorium,"Thor, the Scandinavian god of thunder",LA,7,f,232.03774,11.72,2115,5061,0.113,1.3,6.3067,180,,,2,587
91,Pa,Protactinium,"proto- (from Greek prôtos, 'first, before') + actinium, which is produced through the radioactive decay of protactinium",LA,7,f,231.035881,15.37,1841,4300,,1.5,5.89,180,,,2,568
92,U,Uranium,"Uranus, the seventh planet in the Solar System",LA,7,f,238.028913,18.95,1405.3,4404,0.116,1.38,6.19405,175,186,,2,598
93,Np,Neptunium,"Neptune, the eighth planet in the Solar System",LA,7,f,237,20.45,917,4273,,1.36,6.2657,175,,,2,605
94,Pu,Plutonium,"the dwarf planet Pluto, considered the ninth planet in the Solar System at the time",LA,7,f,244,19.84,912.5,3501,,1.28,6.0262,175,,,2,585
95,Am,Americium,"The Americas, as the element was first synthesised on the continent, by analogy with europium",LA,7,f,243,13.69,1449,2880,,1.13,5.9738,175,,,2,578
96,Cm,Curium,"Pierre Curie and Marie Curie, French physicists and chemists",LA,7,f,247,13.51,1613,3383,,1.28,5.9915,,,,2,581
97,Bk,Berkelium,"Berkeley, California, where the element was first synthesised, by analogy with terbium",LA,7,f,247,14.79,1259,2900,,1.3,6.1979,,,,2,601
98,Cf,Californium,"California, where the element was first synthesised",LA,7,f,251,15.1,1173,1743,,1.3,6.2817,,,,2,608
99,Es,Einsteinium,"Albert Einstein, German physicist",LA,7,f,252,8.84,1133,1269,,1.3,6.42,,,,2,609
100,Fm,Fermium,"Enrico Fermi, Italian physicist",LA,7,f,257,9.7,1125,,,1.3,6.5,,,,2,627
101,Md,Mendelevium,"Dmitri Mendeleev, Russian chemist and inventor who proposed the periodic table",LA,7,f,258,10.3,1100,,,1.3,6.58,,,,2,635
102,No,Nobelium,"Alfred Nobel, Swedish chemist and engineer",LA,7,f,259,9.9,1100,,,1.3,6.65,,,,2,642
103,Lr,Lawrencium,"Ernest O. Lawrence, American physicist",LA,7,d,266,15.6,1900,,,1.3,4.9,,,,3,470
104,Rf,Rutherfordium,"Ernest Rutherford, British chemist and physicist",TE,7,d,267,23.2,2400,5800,,,6,,,,,580
105,Db,Dubnium,"Dubna, a town in Russia where the Joint Institute for Nuclear Research is located",TE,7,d,268,29.3,,,,,,,,,,
106,Sg,Seaborgium,"Glenn T. Seaborg, American chemist",TE,7,d,269,35,,,,,,,,,,
107,Bh,Bohrium,"Niels Bohr, Danish physicist",TE,7,d,270,37.1,,,,,,,,,,
108,Hs,Hassium,"New Latin Hassia, 'Hesse' (a state in Germany)",TE,7,d,270,40.7,,,,,,,,,,
109,Mt,Meitnerium,"Lise Meitner, Austrian physicist",TE,7,d,278,37.4,,,,,,,,,,
110,Ds,Darmstadtium,"Darmstadt, Germany, where the element was first synthesised",TE,7,d,281,34.8,,,,,,,,,,
111,Rg,Roentgenium,"Wilhelm Conrad Röntgen, German physicist",TE,7,d,282,28.7,,,,,,,,,,
112,Cn,Copernicium,"Nicolaus Copernicus, Polish astronomer",TE,7,d,285,23.7,,357,,,,,,,,
113,Nh,Nihonium,"Japanese Nihon, 'Japan' (where the element was first synthesised)",G13,7,p,286,16,700,1400,,,,,,,,
114,Fl,Flerovium,"Flerov Laboratory of Nuclear Reactions, part of JINR, where the element was synthesised; itself named after Georgy Flyorov, Russian physicist",G14,7,p,289,14,,210,,,,,,,,
115,Mc,Moscovium,"Moscow Oblast, Russia, where the element was first synthesised",G15,7,p,290,13.5,700,1400,,,,,,,,
116,Lv,Livermorium,"Lawrence Livermore National Laboratory in Livermore, California, which collaborated with JINR on its synthesis",G16,7,p,293,12.9,709,1085,,,,,,,,
117,Ts,Tennessine,"Tennessee, United States",G17,7,p,294,7.2,723,883,,,,,,,,
118,Og,Oganesson,"Yuri Oganessian, Russian physicist",G18,7,p,294,5,,350,,,,,,,,
