Entity,Code,Year,Annual CO2 emissions in billion tonnes
Brunei,BRN,1750,0
Brunei,BRN,1751,0
Brunei,BRN,1752,0
Brunei,BRN,1753,0
Brunei,BRN,1754,0
Brunei,BRN,1755,0
Brunei,BRN,1756,0
Brunei,BRN,1757,0
Brunei,BRN,1758,0
Brunei,BRN,1759,0
Brunei,BRN,1760,0
Brunei,BRN,1761,0
Brunei,BRN,1762,0
Brunei,BRN,1763,0
Brunei,BRN,1764,0
Brunei,BRN,1765,0
Brunei,BRN,1766,0
Brunei,BRN,1767,0
Brunei,BRN,1768,0
Brunei,BRN,1769,0
Brunei,BRN,1770,0
Brunei,BRN,1771,0
Brunei,BRN,1772,0
Brunei,BRN,1773,0
Brunei,BRN,1774,0
Brunei,BRN,1775,0
Brunei,BRN,1776,0
Brunei,BRN,1777,0
Brunei,BRN,1778,0
Brunei,BRN,1779,0
Brunei,BRN,1780,0
Brunei,BRN,1781,0
Brunei,BRN,1782,0
Brunei,BRN,1783,0
Brunei,BRN,1784,0
Brunei,BRN,1785,0
Brunei,BRN,1786,0
Brunei,BRN,1787,0
Brunei,BRN,1788,0
Brunei,BRN,1789,0
Brunei,BRN,1790,0
Brunei,BRN,1791,0
Brunei,BRN,1792,0
Brunei,BRN,1793,0
Brunei,BRN,1794,0
Brunei,BRN,1795,0
Brunei,BRN,1796,0
Brunei,BRN,1797,0
Brunei,BRN,1798,0
Brunei,BRN,1799,0
Brunei,BRN,1800,0
Brunei,BRN,1801,0
Brunei,BRN,1802,0
Brunei,BRN,1803,0
Brunei,BRN,1804,0
Brunei,BRN,1805,0
Brunei,BRN,1806,0
Brunei,BRN,1807,0
Brunei,BRN,1808,0
Brunei,BRN,1809,0
Brunei,BRN,1810,0
Brunei,BRN,1811,0
Brunei,BRN,1812,0
Brunei,BRN,1813,0
Brunei,BRN,1814,0
Brunei,BRN,1815,0
Brunei,BRN,1816,0
Brunei,BRN,1817,0
Brunei,BRN,1818,0
Brunei,BRN,1819,0
Brunei,BRN,1820,0
Brunei,BRN,1821,0
Brunei,BRN,1822,0
Brunei,BRN,1823,0
Brunei,BRN,1824,0
Brunei,BRN,1825,0
Brunei,BRN,1826,0
Brunei,BRN,1827,0
Brunei,BRN,1828,0
Brunei,BRN,1829,0
Brunei,BRN,1830,0
Brunei,BRN,1831,0
Brunei,BRN,1832,0
Brunei,BRN,1833,0
Brunei,BRN,1834,0
Brunei,BRN,1835,0
Brunei,BRN,1836,0
Brunei,BRN,1837,0
Brunei,BRN,1838,0
Brunei,BRN,1839,0
Brunei,BRN,1840,0
Brunei,BRN,1841,0
Brunei,BRN,1842,0
Brunei,BRN,1843,0
Brunei,BRN,1844,0
Brunei,BRN,1845,0
Brunei,BRN,1846,0
Brunei,BRN,1847,0
Brunei,BRN,1848,0
Brunei,BRN,1849,0
Brunei,BRN,1850,0
Brunei,BRN,1851,0
Brunei,BRN,1852,0
Brunei,BRN,1853,0
Brunei,BRN,1854,0
Brunei,BRN,1855,0
Brunei,BRN,1856,0
Brunei,BRN,1857,0
Brunei,BRN,1858,0
Brunei,BRN,1859,0
Brunei,BRN,1860,0
Brunei,BRN,1861,0
Brunei,BRN,1862,0
Brunei,BRN,1863,0
Brunei,BRN,1864,0
Brunei,BRN,1865,0
Brunei,BRN,1866,0
Brunei,BRN,1867,0
Brunei,BRN,1868,0
Brunei,BRN,1869,0
Brunei,BRN,1870,0
Brunei,BRN,1871,0
Brunei,BRN,1872,0
Brunei,BRN,1873,0
Brunei,BRN,1874,0
Brunei,BRN,1875,0
Brunei,BRN,1876,0
Brunei,BRN,1877,0
Brunei,BRN,1878,0
Brunei,BRN,1879,0
Brunei,BRN,1880,0
Brunei,BRN,1881,0
Brunei,BRN,1882,0
Brunei,BRN,1883,0
Brunei,BRN,1884,0
Brunei,BRN,1885,0
Brunei,BRN,1886,0
Brunei,BRN,1887,0
Brunei,BRN,1888,0
Brunei,BRN,1889,0
Brunei,BRN,1890,0
Brunei,BRN,1891,0
Brunei,BRN,1892,0
Brunei,BRN,1893,0
Brunei,BRN,1894,0
Brunei,BRN,1895,0
Brunei,BRN,1896,0
Brunei,BRN,1897,0
Brunei,BRN,1898,0
Brunei,BRN,1899,0
Brunei,BRN,1900,0
Brunei,BRN,1901,0
Brunei,BRN,1902,0
Brunei,BRN,1903,0
Brunei,BRN,1904,0
Brunei,BRN,1905,0
Brunei,BRN,1906,0
Brunei,BRN,1907,0
Brunei,BRN,1908,0
Brunei,BRN,1909,0
Brunei,BRN,1910,0
Brunei,BRN,1911,0
Brunei,BRN,1912,0
Brunei,BRN,1913,0
Brunei,BRN,1914,0
Brunei,BRN,1915,0
Brunei,BRN,1916,0
Brunei,BRN,1917,0
Brunei,BRN,1918,0
Brunei,BRN,1919,0
Brunei,BRN,1920,0
Brunei,BRN,1921,0
Brunei,BRN,1922,0
Brunei,BRN,1923,0
Brunei,BRN,1924,0
Brunei,BRN,1925,0
Brunei,BRN,1926,0
Brunei,BRN,1927,0
Brunei,BRN,1928,0
Brunei,BRN,1929,0
Brunei,BRN,1930,0
Brunei,BRN,1931,0
Brunei,BRN,1932,0
Brunei,BRN,1933,3664
Brunei,BRN,1934,43968
Brunei,BRN,1935,25648
Brunei,BRN,1936,76944
Brunei,BRN,1937,205184
Brunei,BRN,1938,216176
Brunei,BRN,1939,2627088
Brunei,BRN,1940,2960512
Brunei,BRN,1941,1967568
Brunei,BRN,1942,1245760
Brunei,BRN,1943,1872304
Brunei,BRN,1944,2495184
Brunei,BRN,1945,919664
Brunei,BRN,1946,945312
Brunei,BRN,1947,5353104
Brunei,BRN,1948,80608
Brunei,BRN,1949,11468320
Brunei,BRN,1950,414032
Brunei,BRN,1951,300448
Brunei,BRN,1952,322432
Brunei,BRN,1953,344416
Brunei,BRN,1954,359072
Brunei,BRN,1955,300448
Brunei,BRN,1956,296784
Brunei,BRN,1957,293120
Brunei,BRN,1958,318768
Brunei,BRN,1959,326096
Brunei,BRN,1960,333424
Brunei,BRN,1961,304112
Brunei,BRN,1962,370064
Brunei,BRN,1963,355408
Brunei,BRN,1964,340752
Brunei,BRN,1965,333424
Brunei,BRN,1966,490976
Brunei,BRN,1967,439680
Brunei,BRN,1968,428688
Brunei,BRN,1969,487312
Brunei,BRN,1970,8203696.5
Brunei,BRN,1971,7511200
Brunei,BRN,1972,9453120
Brunei,BRN,1973,9973408
Brunei,BRN,1974,8178048
Brunei,BRN,1975,7075184
Brunei,BRN,1976,6019952
Brunei,BRN,1977,6390016
Brunei,BRN,1978,9533728
Brunei,BRN,1979,7434256
Brunei,BRN,1980,6877328
Brunei,BRN,1981,2059168.1
Brunei,BRN,1982,2664731
Brunei,BRN,1983,2733344
Brunei,BRN,1984,1916272
Brunei,BRN,1985,2594112
Brunei,BRN,1986,2297328
Brunei,BRN,1987,3315920
Brunei,BRN,1988,5712176
Brunei,BRN,1989,6342384
Brunei,BRN,1990,5455696
Brunei,BRN,1991,7210752
Brunei,BRN,1992,6884656
Brunei,BRN,1993,6357040
Brunei,BRN,1994,5552968
Brunei,BRN,1995,5825335
Brunei,BRN,1996,5878721
Brunei,BRN,1997,6087246
Brunei,BRN,1998,5595279
Brunei,BRN,1999,5978051
Brunei,BRN,2000,5328739
Brunei,BRN,2001,5189616
Brunei,BRN,2002,4669874
Brunei,BRN,2003,5597862
Brunei,BRN,2004,5640577
Brunei,BRN,2005,5428519
Brunei,BRN,2006,7143688
Brunei,BRN,2007,8076697.5
Brunei,BRN,2008,9165561
Brunei,BRN,2009,7744925
Brunei,BRN,2010,8017381.5
Brunei,BRN,2011,9555439
Brunei,BRN,2012,9499828
Brunei,BRN,2013,7626055
Brunei,BRN,2014,8830992
Brunei,BRN,2015,6933290
Brunei,BRN,2016,7632908
Brunei,BRN,2017,9309384
Brunei,BRN,2018,9344461
Brunei,BRN,2019,10732756
Brunei,BRN,2020,11101930
Brunei,BRN,2021,11301837
Brunei,BRN,2022,10753688
Cambodia,KHM,1955,102592
Cambodia,KHM,1956,131904
Cambodia,KHM,1957,161216
Cambodia,KHM,1958,197856
Cambodia,KHM,1959,212512
Cambodia,KHM,1960,234496
Cambodia,KHM,1961,285792
Cambodia,KHM,1962,307776
Cambodia,KHM,1963,388384
Cambodia,KHM,1964,340723
Cambodia,KHM,1965,402832
Cambodia,KHM,1966,468754
Cambodia,KHM,1967,417458
Cambodia,KHM,1968,490738
Cambodia,KHM,1969,1344450
Cambodia,KHM,1970,1172331
Cambodia,KHM,1971,249090
Cambodia,KHM,1972,117348
Cambodia,KHM,1973,128639
Cambodia,KHM,1974,73688
Cambodia,KHM,1975,73842
Cambodia,KHM,1976,73996
Cambodia,KHM,1977,74150
Cambodia,KHM,1978,51442
Cambodia,KHM,1979,29312
Cambodia,KHM,1980,285792
Cambodia,KHM,1981,300448
Cambodia,KHM,1982,337088
Cambodia,KHM,1983,366400
Cambodia,KHM,1984,410368
Cambodia,KHM,1985,417696
Cambodia,KHM,1986,432352
Cambodia,KHM,1987,436016
Cambodia,KHM,1988,450672
Cambodia,KHM,1989,450672
Cambodia,KHM,1990,1260416
Cambodia,KHM,1991,1304384
Cambodia,KHM,1992,1348352
Cambodia,KHM,1993,1384992
Cambodia,KHM,1994,1481907
Cambodia,KHM,1995,1555486
Cambodia,KHM,1996,1631315
Cambodia,KHM,1997,1551863
Cambodia,KHM,1998,1962680
Cambodia,KHM,1999,1894288
Cambodia,KHM,2000,1974896
Cambodia,KHM,2001,2249696
Cambodia,KHM,2002,2205728
Cambodia,KHM,2003,2377936
Cambodia,KHM,2004,2443888
Cambodia,KHM,2005,2773648
Cambodia,KHM,2006,2997152
Cambodia,KHM,2007,3471142
Cambodia,KHM,2008,3866716
Cambodia,KHM,2009,4557086
Cambodia,KHM,2010,5078142
Cambodia,KHM,2011,5274698
Cambodia,KHM,2012,5576016
Cambodia,KHM,2013,5636730
Cambodia,KHM,2014,6834254
Cambodia,KHM,2015,8365610
Cambodia,KHM,2016,10921712
Cambodia,KHM,2017,12475530
Cambodia,KHM,2018,13933845
Cambodia,KHM,2019,18219576
Cambodia,KHM,2020,19034220
Cambodia,KHM,2021,20130392
Cambodia,KHM,2022,19955042
East Timor,TLS,1994,0
East Timor,TLS,1995,0
East Timor,TLS,1996,0
East Timor,TLS,1997,0
East Timor,TLS,1998,60535
East Timor,TLS,1999,152974
East Timor,TLS,2000,219860
East Timor,TLS,2001,118844
East Timor,TLS,2002,261882
East Timor,TLS,2003,248530
East Timor,TLS,2004,496998
East Timor,TLS,2005,321145
East Timor,TLS,2006,316708
East Timor,TLS,2007,288067
East Timor,TLS,2008,285133
East Timor,TLS,2009,321783
East Timor,TLS,2010,313134
East Timor,TLS,2011,433890
East Timor,TLS,2012,591295
East Timor,TLS,2013,618736
East Timor,TLS,2014,624261
East Timor,TLS,2015,589620
East Timor,TLS,2016,642966
East Timor,TLS,2017,689670
East Timor,TLS,2018,617024
East Timor,TLS,2019,675431
East Timor,TLS,2020,646494
East Timor,TLS,2021,663697
East Timor,TLS,2022,668892
Indonesia,IDN,1889,3664
Indonesia,IDN,1890,14656
Indonesia,IDN,1891,21984
Indonesia,IDN,1892,190757
Indonesia,IDN,1893,403040
Indonesia,IDN,1894,479984
Indonesia,IDN,1895,769440
Indonesia,IDN,1896,861040
Indonesia,IDN,1897,1106528
Indonesia,IDN,1898,1289728
Indonesia,IDN,1899,1124848
Indonesia,IDN,1900,1209120
Indonesia,IDN,1901,2242368
Indonesia,IDN,1902,1538880
Indonesia,IDN,1903,3000816
Indonesia,IDN,1904,3367216
Indonesia,IDN,1905,4132991.8
Indonesia,IDN,1906,4451760
Indonesia,IDN,1907,5294480
Indonesia,IDN,1908,5492336
Indonesia,IDN,1909,5986976
Indonesia,IDN,1910,6111552
Indonesia,IDN,1911,6727104
Indonesia,IDN,1912,5840416
Indonesia,IDN,1913,5899040
Indonesia,IDN,1914,6016288
Indonesia,IDN,1915,6030944
Indonesia,IDN,1916,6763744
Indonesia,IDN,1917,7137472
Indonesia,IDN,1918,7130144
Indonesia,IDN,1919,7635776
Indonesia,IDN,1920,8262319.5
Indonesia,IDN,1921,8756960
Indonesia,IDN,1922,8298959.5
Indonesia,IDN,1923,9588688
Indonesia,IDN,1924,10585296
Indonesia,IDN,1925,11079936
Indonesia,IDN,1926,11098256
Indonesia,IDN,1927,12886288
Indonesia,IDN,1928,14831872
Indonesia,IDN,1929,18539246
Indonesia,IDN,1930,18084938
Indonesia,IDN,1931,16894168
Indonesia,IDN,1932,16586601
Indonesia,IDN,1933,17861704
Indonesia,IDN,1934,19235554
Indonesia,IDN,1935,20001212
Indonesia,IDN,1936,21767288
Indonesia,IDN,1937,25343888
Indonesia,IDN,1938,26732544
Indonesia,IDN,1939,29201396
Indonesia,IDN,1940,28733088
Indonesia,IDN,1941,26486372
Indonesia,IDN,1942,9456784
Indonesia,IDN,1943,19027152
Indonesia,IDN,1944,8771616
Indonesia,IDN,1945,3806896
Indonesia,IDN,1946,1344688
Indonesia,IDN,1947,4056018
Indonesia,IDN,1948,15494907
Indonesia,IDN,1949,21903392
Indonesia,IDN,1950,9830512
Indonesia,IDN,1951,9390416
Indonesia,IDN,1952,12720844
Indonesia,IDN,1953,13079886
Indonesia,IDN,1954,14747006
Indonesia,IDN,1955,20843902
Indonesia,IDN,1956,21811198
Indonesia,IDN,1957,22411678
Indonesia,IDN,1958,22206286
Indonesia,IDN,1959,23862234
Indonesia,IDN,1960,21385192
Indonesia,IDN,1961,26001594
Indonesia,IDN,1962,22974894
Indonesia,IDN,1963,22763096
Indonesia,IDN,1964,22374266
Indonesia,IDN,1965,24668226
Indonesia,IDN,1966,23374952
Indonesia,IDN,1967,24540046
Indonesia,IDN,1968,27562608
Indonesia,IDN,1969,33362214
Indonesia,IDN,1970,35791384
Indonesia,IDN,1971,38955264
Indonesia,IDN,1972,43306284
Indonesia,IDN,1973,49098096
Indonesia,IDN,1974,51226504
Indonesia,IDN,1975,53932536
Indonesia,IDN,1976,61788250
Indonesia,IDN,1977,82416410
Indonesia,IDN,1978,93938110
Indonesia,IDN,1979,95137000
Indonesia,IDN,1980,94872870
Indonesia,IDN,1981,100297050
Indonesia,IDN,1982,105583976
Indonesia,IDN,1983,105183850
Indonesia,IDN,1984,112460230
Indonesia,IDN,1985,121597384
Indonesia,IDN,1986,122166080
Indonesia,IDN,1987,123878480
Indonesia,IDN,1988,132721210
Indonesia,IDN,1989,131673520
Indonesia,IDN,1990,155080830
Indonesia,IDN,1991,174865010
Indonesia,IDN,1992,199418670
Indonesia,IDN,1993,215108740
Indonesia,IDN,1994,219371660
Indonesia,IDN,1995,222410480
Indonesia,IDN,1996,253065010
Indonesia,IDN,1997,279941500
Indonesia,IDN,1998,244522960
Indonesia,IDN,1999,292000930
Indonesia,IDN,2000,281330370
Indonesia,IDN,2001,317027200
Indonesia,IDN,2002,308485920
Indonesia,IDN,2003,339357470
Indonesia,IDN,2004,343021500
Indonesia,IDN,2005,347617020
Indonesia,IDN,2006,346633440
Indonesia,IDN,2007,387858050
Indonesia,IDN,2008,365718300
Indonesia,IDN,2009,398942050
Indonesia,IDN,2010,445806080
Indonesia,IDN,2011,500724540
Indonesia,IDN,2012,515954180
Indonesia,IDN,2013,489055100
Indonesia,IDN,2014,487889950
Indonesia,IDN,2015,539149250
Indonesia,IDN,2016,540085600
Indonesia,IDN,2017,556944200
Indonesia,IDN,2018,594101400
Indonesia,IDN,2019,650905900
Indonesia,IDN,2020,605984600
Indonesia,IDN,2021,615923400
Indonesia,IDN,2022,728883260
Laos,LAO,1955,25648
Laos,LAO,1956,58624
Laos,LAO,1957,58624
Laos,LAO,1958,73280
Laos,LAO,1959,76944
Laos,LAO,1960,80608
Laos,LAO,1961,113584
Laos,LAO,1962,131904
Laos,LAO,1963,146560
Laos,LAO,1964,172208
Laos,LAO,1965,179536
Laos,LAO,1966,234496
Laos,LAO,1967,318768
Laos,LAO,1968,168544
Laos,LAO,1969,318768
Laos,LAO,1970,571584
Laos,LAO,1971,421360
Laos,LAO,1972,487312
Laos,LAO,1973,516623.97
Laos,LAO,1974,293120
Laos,LAO,1975,252815.98
Laos,LAO,1976,223504
Laos,LAO,1977,230832
Laos,LAO,1978,230832
Laos,LAO,1979,223504
Laos,LAO,1980,186864
Laos,LAO,1981,150224
Laos,LAO,1982,157552
Laos,LAO,1983,179536
Laos,LAO,1984,183200
Laos,LAO,1985,205184
Laos,LAO,1986,208848
Laos,LAO,1987,212512
Laos,LAO,1988,212512
Laos,LAO,1989,230832
Laos,LAO,1990,512960.03
Laos,LAO,1991,545936
Laos,LAO,1992,592727
Laos,LAO,1993,607425
Laos,LAO,1994,634264
Laos,LAO,1995,670900
Laos,LAO,1996,749891
Laos,LAO,1997,792409
Laos,LAO,1998,820068
Laos,LAO,1999,845838
Laos,LAO,2000,960400
Laos,LAO,2001,1062694
Laos,LAO,2002,1165768
Laos,LAO,2003,1220964
Laos,LAO,2004,1282484
Laos,LAO,2005,1337012
Laos,LAO,2006,1757335
Laos,LAO,2007,1835383
Laos,LAO,2008,2131341
Laos,LAO,2009,2667456
Laos,LAO,2010,3004513
Laos,LAO,2011,3170104
Laos,LAO,2012,3397982
Laos,LAO,2013,4261159
Laos,LAO,2014,4449693
Laos,LAO,2015,9229252
Laos,LAO,2016,16458120
Laos,LAO,2017,19683848
Laos,LAO,2018,20558106
Laos,LAO,2019,19534332
Laos,LAO,2020,19674886
Laos,LAO,2021,23366972
Laos,LAO,2022,23193406
Malaysia,MYS,1890,7328
Malaysia,MYS,1891,18320
Malaysia,MYS,1892,47632
Malaysia,MYS,1893,10992
Malaysia,MYS,1894,47632
Malaysia,MYS,1895,109920
Malaysia,MYS,1896,124576
Malaysia,MYS,1897,91600
Malaysia,MYS,1898,128240.01
Malaysia,MYS,1899,120912
Malaysia,MYS,1900,58624
Malaysia,MYS,1901,47632
Malaysia,MYS,1902,51296
Malaysia,MYS,1903,51296
Malaysia,MYS,1904,32976
Malaysia,MYS,1905,40304
Malaysia,MYS,1906,36640
Malaysia,MYS,1907,87936
Malaysia,MYS,1908,91600
Malaysia,MYS,1909,168544
Malaysia,MYS,1910,234496
Malaysia,MYS,1912,18320
Malaysia,MYS,1913,62288
Malaysia,MYS,1914,146560
Malaysia,MYS,1915,205184
Malaysia,MYS,1916,549600
Malaysia,MYS,1917,652192
Malaysia,MYS,1918,670512
Malaysia,MYS,1919,769440
Malaysia,MYS,1920,1110192
Malaysia,MYS,1921,1414304
Malaysia,MYS,1922,2004208.1
Malaysia,MYS,1923,2583120
Malaysia,MYS,1924,2506176
Malaysia,MYS,1925,2964176
Malaysia,MYS,1926,3400192
Malaysia,MYS,1927,3378208
Malaysia,MYS,1928,3806896
Malaysia,MYS,1929,4114672.2
Malaysia,MYS,1930,3671328
Malaysia,MYS,1931,2707696
Malaysia,MYS,1932,1795360
Malaysia,MYS,1933,1590176
Malaysia,MYS,1934,1733072
Malaysia,MYS,1935,1806352
Malaysia,MYS,1936,2048176
Malaysia,MYS,1937,2344960
Malaysia,MYS,1938,1912608
Malaysia,MYS,1939,1703760
Malaysia,MYS,1940,2568464
Malaysia,MYS,1941,2183744
Malaysia,MYS,1942,659520
Malaysia,MYS,1943,1319040
Malaysia,MYS,1944,1102864
Malaysia,MYS,1945,611888
Malaysia,MYS,1946,604560
Malaysia,MYS,1947,685168
Malaysia,MYS,1948,1190262
Malaysia,MYS,1949,1220112
Malaysia,MYS,1950,3655348
Malaysia,MYS,1951,5220367
Malaysia,MYS,1952,6370886
Malaysia,MYS,1953,6498899
Malaysia,MYS,1954,7004164
Malaysia,MYS,1955,7429726
Malaysia,MYS,1956,7562529
Malaysia,MYS,1957,3513331
Malaysia,MYS,1958,3832099
Malaysia,MYS,1959,3183244
Malaysia,MYS,1960,4201450
Malaysia,MYS,1961,4684919
Malaysia,MYS,1962,4776549
Malaysia,MYS,1963,5827968
Malaysia,MYS,1964,7399409
Malaysia,MYS,1965,8380229
Malaysia,MYS,1966,9834393
Malaysia,MYS,1967,10127602
Malaysia,MYS,1968,10530226
Malaysia,MYS,1969,9137758
Malaysia,MYS,1970,14585889
Malaysia,MYS,1971,16662594
Malaysia,MYS,1972,17900626
Malaysia,MYS,1973,17505126
Malaysia,MYS,1974,19044680
Malaysia,MYS,1975,19445158
Malaysia,MYS,1976,23897642
Malaysia,MYS,1977,22620840
Malaysia,MYS,1978,23260444
Malaysia,MYS,1979,27305936
Malaysia,MYS,1980,28032596
Malaysia,MYS,1981,30877660
Malaysia,MYS,1982,30641940
Malaysia,MYS,1983,38048304
Malaysia,MYS,1984,34794430
Malaysia,MYS,1985,36329770
Malaysia,MYS,1986,40101890
Malaysia,MYS,1987,40877684
Malaysia,MYS,1988,42869204
Malaysia,MYS,1989,50083868
Malaysia,MYS,1990,54269364
Malaysia,MYS,1991,65785132
Malaysia,MYS,1992,72961016
Malaysia,MYS,1993,86718630
Malaysia,MYS,1994,88036030
Malaysia,MYS,1995,110840970
Malaysia,MYS,1996,110632800
Malaysia,MYS,1997,119628820
Malaysia,MYS,1998,109781690
Malaysia,MYS,1999,103986550
Malaysia,MYS,2000,122878050
Malaysia,MYS,2001,130890050
Malaysia,MYS,2002,132035230
Malaysia,MYS,2003,153384340
Malaysia,MYS,2004,169678300
Malaysia,MYS,2005,169967330
Malaysia,MYS,2006,170166450
Malaysia,MYS,2007,175450780
Malaysia,MYS,2008,192847060
Malaysia,MYS,2009,192119070
Malaysia,MYS,2010,199346100
Malaysia,MYS,2011,203452350
Malaysia,MYS,2012,212989970
Malaysia,MYS,2013,241671090
Malaysia,MYS,2014,245049710
Malaysia,MYS,2015,235505740
Malaysia,MYS,2016,236817360
Malaysia,MYS,2017,244105580
Malaysia,MYS,2018,262207180
Malaysia,MYS,2019,267494290
Malaysia,MYS,2020,269248670
Malaysia,MYS,2021,278861220
Malaysia,MYS,2022,291071360
Myanmar,MMR,1928,3158368
Myanmar,MMR,1929,3048448
Myanmar,MMR,1930,3085088
Myanmar,MMR,1931,2934864
Myanmar,MMR,1932,2978832
Myanmar,MMR,1933,2997152
Myanmar,MMR,1934,3063104
Myanmar,MMR,1935,3026464
Myanmar,MMR,1936,3110736
Myanmar,MMR,1937,3216992
Myanmar,MMR,1938,3088752
Myanmar,MMR,1939,3231648
Myanmar,MMR,1940,3173024
Myanmar,MMR,1941,3184016
Myanmar,MMR,1942,1025920.06
Myanmar,MMR,1943,410368
Myanmar,MMR,1944,307776
Myanmar,MMR,1945,296784
Myanmar,MMR,1946,7328
Myanmar,MMR,1947,25648
Myanmar,MMR,1948,153888
Myanmar,MMR,1949,102592
Myanmar,MMR,1950,802416
Myanmar,MMR,1951,915941
Myanmar,MMR,1952,1131998
Myanmar,MMR,1953,1304206
Myanmar,MMR,1954,1461698
Myanmar,MMR,1955,1421394
Myanmar,MMR,1956,1655979
Myanmar,MMR,1957,2099323
Myanmar,MMR,1958,2410763
Myanmar,MMR,1959,2777163
Myanmar,MMR,1960,2714846
Myanmar,MMR,1961,2590299
Myanmar,MMR,1962,2879696
Myanmar,MMR,1963,2633911
Myanmar,MMR,1964,2857385
Myanmar,MMR,1965,2725481
Myanmar,MMR,1966,2806059
Myanmar,MMR,1967,3615833
Myanmar,MMR,1968,2926823
Myanmar,MMR,1969,3212585
Myanmar,MMR,1970,4612293
Myanmar,MMR,1971,5099486
Myanmar,MMR,1972,4894302
Myanmar,MMR,1973,4106571.2
Myanmar,MMR,1974,4670917
Myanmar,MMR,1975,4582922
Myanmar,MMR,1976,4892791
Myanmar,MMR,1977,5165654
Myanmar,MMR,1978,5146074
Myanmar,MMR,1979,5086024
Myanmar,MMR,1980,5508783
Myanmar,MMR,1981,5622979
Myanmar,MMR,1982,5579515
Myanmar,MMR,1983,5753767
Myanmar,MMR,1984,6548548
Myanmar,MMR,1985,6675517
Myanmar,MMR,1986,6756346
Myanmar,MMR,1987,4943397
Myanmar,MMR,1988,4086656
Myanmar,MMR,1989,4425299
Myanmar,MMR,1990,4235719
Myanmar,MMR,1991,4137416
Myanmar,MMR,1992,4841915
Myanmar,MMR,1993,5303029
Myanmar,MMR,1994,6173965
Myanmar,MMR,1995,6892622
Myanmar,MMR,1996,7187982
Myanmar,MMR,1997,7419640
Myanmar,MMR,1998,8046166.5
Myanmar,MMR,1999,8933607
Myanmar,MMR,2000,10219368
Myanmar,MMR,2001,8855704
Myanmar,MMR,2002,9328067
Myanmar,MMR,2003,9997118
Myanmar,MMR,2004,12565488
Myanmar,MMR,2005,11555010
Myanmar,MMR,2006,12813455
Myanmar,MMR,2007,12841137
Myanmar,MMR,2008,9772056
Myanmar,MMR,2009,10207303
Myanmar,MMR,2010,13121587
Myanmar,MMR,2011,15121961
Myanmar,MMR,2012,11818522
Myanmar,MMR,2013,12722151
Myanmar,MMR,2014,15849346
Myanmar,MMR,2015,21887144
Myanmar,MMR,2016,21140418
Myanmar,MMR,2017,23630088
Myanmar,MMR,2018,34016840
Myanmar,MMR,2019,33616924
Myanmar,MMR,2020,34609780
Myanmar,MMR,2021,35619332
Myanmar,MMR,2022,34922210
Philippines,PHL,1907,7328
Philippines,PHL,1908,18320
Philippines,PHL,1909,54960
Philippines,PHL,1910,51296
Philippines,PHL,1911,36640
Philippines,PHL,1912,3664
Philippines,PHL,1913,7328
Philippines,PHL,1914,18320
Philippines,PHL,1915,54960
Philippines,PHL,1916,51296
Philippines,PHL,1917,10992
Philippines,PHL,1918,29312
Philippines,PHL,1919,58624
Philippines,PHL,1920,102592
Philippines,PHL,1921,69616
Philippines,PHL,1922,76944
Philippines,PHL,1923,76944
Philippines,PHL,1924,84272
Philippines,PHL,1925,84272
Philippines,PHL,1926,51296
Philippines,PHL,1927,40304
Philippines,PHL,1928,80341
Philippines,PHL,1929,69302
Philippines,PHL,1930,87520
Philippines,PHL,1931,80222
Philippines,PHL,1932,87480
Philippines,PHL,1933,76558
Philippines,PHL,1934,87550
Philippines,PHL,1935,98482
Philippines,PHL,1936,120377
Philippines,PHL,1937,120318
Philippines,PHL,1938,156869
Philippines,PHL,1939,84272
Philippines,PHL,1940,113584
Philippines,PHL,1941,90857
Philippines,PHL,1945,14537
Philippines,PHL,1946,113346
Philippines,PHL,1947,197321
Philippines,PHL,1948,215701
Philippines,PHL,1949,317966
Philippines,PHL,1950,3604187
Philippines,PHL,1951,3552832
Philippines,PHL,1952,4051136
Philippines,PHL,1953,4032875
Philippines,PHL,1954,5329872
Philippines,PHL,1955,6615580
Philippines,PHL,1956,6252694
Philippines,PHL,1957,6728718
Philippines,PHL,1958,7559911
Philippines,PHL,1959,7226130
Philippines,PHL,1960,8325063
Philippines,PHL,1961,8712524
Philippines,PHL,1962,10335915
Philippines,PHL,1963,11471815
Philippines,PHL,1964,12822820
Philippines,PHL,1965,13964649
Philippines,PHL,1966,16104099
Philippines,PHL,1967,18208880
Philippines,PHL,1968,22222780
Philippines,PHL,1969,22829460
Philippines,PHL,1970,24751418
Philippines,PHL,1971,27551672
Philippines,PHL,1972,26409366
Philippines,PHL,1973,31501326
Philippines,PHL,1974,30492320
Philippines,PHL,1975,32482444
Philippines,PHL,1976,35066230
Philippines,PHL,1977,36676136
Philippines,PHL,1978,37380250
Philippines,PHL,1979,38031020
Philippines,PHL,1980,36868560
Philippines,PHL,1981,34528212
Philippines,PHL,1982,34838530
Philippines,PHL,1983,35239076
Philippines,PHL,1984,30831284
Philippines,PHL,1985,27899134
Philippines,PHL,1986,29024736
Philippines,PHL,1987,32495770
Philippines,PHL,1988,37484708
Philippines,PHL,1989,38906536
Philippines,PHL,1990,41349500
Philippines,PHL,1991,43471884
Philippines,PHL,1992,48292790
Philippines,PHL,1993,48928836
Philippines,PHL,1994,54158224
Philippines,PHL,1995,59964620
Philippines,PHL,1996,61265050
Philippines,PHL,1997,70069360
Philippines,PHL,1998,68263620
Philippines,PHL,1999,68187860
Philippines,PHL,2000,72356790
Philippines,PHL,2001,70326010
Philippines,PHL,2002,70266810
Philippines,PHL,2003,70286984
Philippines,PHL,2004,72806056
Philippines,PHL,2005,73303170
Philippines,PHL,2006,66553704
Philippines,PHL,2007,70795900
Philippines,PHL,2008,77330616
Philippines,PHL,2009,76610150
Philippines,PHL,2010,83063350
Philippines,PHL,2011,83908024
Philippines,PHL,2012,88628560
Philippines,PHL,2013,96035850
Philippines,PHL,2014,101483620
Philippines,PHL,2015,112449144
Philippines,PHL,2016,121792456
Philippines,PHL,2017,135150080
Philippines,PHL,2018,141517820
Philippines,PHL,2019,144159980
Philippines,PHL,2020,132851040
Philippines,PHL,2021,142753780
Philippines,PHL,2022,150395980
Singapore,SGP,1750,0
Singapore,SGP,1751,0
Singapore,SGP,1752,0
Singapore,SGP,1753,0
Singapore,SGP,1754,0
Singapore,SGP,1755,0
Singapore,SGP,1756,0
Singapore,SGP,1757,0
Singapore,SGP,1758,0
Singapore,SGP,1759,0
Singapore,SGP,1760,0
Singapore,SGP,1761,0
Singapore,SGP,1762,0
Singapore,SGP,1763,0
Singapore,SGP,1764,0
Singapore,SGP,1765,0
Singapore,SGP,1766,0
Singapore,SGP,1767,0
Singapore,SGP,1768,0
Singapore,SGP,1769,0
Singapore,SGP,1770,0
Singapore,SGP,1771,0
Singapore,SGP,1772,0
Singapore,SGP,1773,0
Singapore,SGP,1774,0
Singapore,SGP,1775,0
Singapore,SGP,1776,0
Singapore,SGP,1777,0
Singapore,SGP,1778,0
Singapore,SGP,1779,0
Singapore,SGP,1780,0
Singapore,SGP,1781,0
Singapore,SGP,1782,0
Singapore,SGP,1783,0
Singapore,SGP,1784,0
Singapore,SGP,1785,0
Singapore,SGP,1786,0
Singapore,SGP,1787,0
Singapore,SGP,1788,0
Singapore,SGP,1789,0
Singapore,SGP,1790,0
Singapore,SGP,1791,0
Singapore,SGP,1792,0
Singapore,SGP,1793,0
Singapore,SGP,1794,0
Singapore,SGP,1795,0
Singapore,SGP,1796,0
Singapore,SGP,1797,0
Singapore,SGP,1798,0
Singapore,SGP,1799,0
Singapore,SGP,1800,0
Singapore,SGP,1801,0
Singapore,SGP,1802,0
Singapore,SGP,1803,0
Singapore,SGP,1804,0
Singapore,SGP,1805,0
Singapore,SGP,1806,0
Singapore,SGP,1807,0
Singapore,SGP,1808,0
Singapore,SGP,1809,0
Singapore,SGP,1810,0
Singapore,SGP,1811,0
Singapore,SGP,1812,0
Singapore,SGP,1813,0
Singapore,SGP,1814,0
Singapore,SGP,1815,0
Singapore,SGP,1816,0
Singapore,SGP,1817,0
Singapore,SGP,1818,0
Singapore,SGP,1819,0
Singapore,SGP,1820,0
Singapore,SGP,1821,0
Singapore,SGP,1822,0
Singapore,SGP,1823,0
Singapore,SGP,1824,0
Singapore,SGP,1825,0
Singapore,SGP,1826,0
Singapore,SGP,1827,0
Singapore,SGP,1828,0
Singapore,SGP,1829,0
Singapore,SGP,1830,0
Singapore,SGP,1831,0
Singapore,SGP,1832,0
Singapore,SGP,1833,0
Singapore,SGP,1834,0
Singapore,SGP,1835,0
Singapore,SGP,1836,0
Singapore,SGP,1837,0
Singapore,SGP,1838,0
Singapore,SGP,1839,0
Singapore,SGP,1840,0
Singapore,SGP,1841,0
Singapore,SGP,1842,0
Singapore,SGP,1843,0
Singapore,SGP,1844,0
Singapore,SGP,1845,0
Singapore,SGP,1846,0
Singapore,SGP,1847,0
Singapore,SGP,1848,0
Singapore,SGP,1849,0
Singapore,SGP,1850,0
Singapore,SGP,1851,0
Singapore,SGP,1852,0
Singapore,SGP,1853,0
Singapore,SGP,1854,0
Singapore,SGP,1855,0
Singapore,SGP,1856,0
Singapore,SGP,1857,0
Singapore,SGP,1858,0
Singapore,SGP,1859,0
Singapore,SGP,1860,0
Singapore,SGP,1861,0
Singapore,SGP,1862,0
Singapore,SGP,1863,0
Singapore,SGP,1864,0
Singapore,SGP,1865,0
Singapore,SGP,1866,0
Singapore,SGP,1867,0
Singapore,SGP,1868,0
Singapore,SGP,1869,0
Singapore,SGP,1870,0
Singapore,SGP,1871,0
Singapore,SGP,1872,0
Singapore,SGP,1873,0
Singapore,SGP,1874,0
Singapore,SGP,1875,0
Singapore,SGP,1876,0
Singapore,SGP,1877,0
Singapore,SGP,1878,0
Singapore,SGP,1879,0
Singapore,SGP,1880,0
Singapore,SGP,1881,0
Singapore,SGP,1882,0
Singapore,SGP,1883,0
Singapore,SGP,1884,0
Singapore,SGP,1885,0
Singapore,SGP,1886,0
Singapore,SGP,1887,0
Singapore,SGP,1888,0
Singapore,SGP,1889,0
Singapore,SGP,1890,0
Singapore,SGP,1891,0
Singapore,SGP,1892,0
Singapore,SGP,1893,0
Singapore,SGP,1894,0
Singapore,SGP,1895,0
Singapore,SGP,1896,0
Singapore,SGP,1897,0
Singapore,SGP,1898,0
Singapore,SGP,1899,0
Singapore,SGP,1900,0
Singapore,SGP,1901,0
Singapore,SGP,1902,0
Singapore,SGP,1903,0
Singapore,SGP,1904,0
Singapore,SGP,1905,0
Singapore,SGP,1906,0
Singapore,SGP,1907,0
Singapore,SGP,1908,0
Singapore,SGP,1909,0
Singapore,SGP,1910,0
Singapore,SGP,1911,0
Singapore,SGP,1912,0
Singapore,SGP,1913,0
Singapore,SGP,1914,0
Singapore,SGP,1915,0
Singapore,SGP,1916,0
Singapore,SGP,1917,0
Singapore,SGP,1918,0
Singapore,SGP,1919,0
Singapore,SGP,1920,0
Singapore,SGP,1921,0
Singapore,SGP,1922,0
Singapore,SGP,1923,0
Singapore,SGP,1924,0
Singapore,SGP,1925,0
Singapore,SGP,1926,0
Singapore,SGP,1927,0
Singapore,SGP,1928,0
Singapore,SGP,1929,0
Singapore,SGP,1930,0
Singapore,SGP,1931,0
Singapore,SGP,1932,0
Singapore,SGP,1933,0
Singapore,SGP,1934,0
Singapore,SGP,1935,0
Singapore,SGP,1936,0
Singapore,SGP,1937,0
Singapore,SGP,1938,0
Singapore,SGP,1939,0
Singapore,SGP,1940,0
Singapore,SGP,1941,0
Singapore,SGP,1942,0
Singapore,SGP,1943,0
Singapore,SGP,1944,0
Singapore,SGP,1945,0
Singapore,SGP,1946,0
Singapore,SGP,1947,0
Singapore,SGP,1948,0
Singapore,SGP,1949,0
Singapore,SGP,1950,1913932
Singapore,SGP,1951,2825777
Singapore,SGP,1952,3441306
Singapore,SGP,1953,3481713
Singapore,SGP,1954,3771295
Singapore,SGP,1955,4052795
Singapore,SGP,1956,4095894.8
Singapore,SGP,1957,1729408
Singapore,SGP,1958,2297328
Singapore,SGP,1959,1799024
Singapore,SGP,1960,1392320
Singapore,SGP,1961,2092144
Singapore,SGP,1962,2513415
Singapore,SGP,1963,3301367
Singapore,SGP,1964,3601712
Singapore,SGP,1965,2425568
Singapore,SGP,1966,478923
Singapore,SGP,1967,2821280
Singapore,SGP,1968,5133455
Singapore,SGP,1969,6888320
Singapore,SGP,1970,17832688
Singapore,SGP,1971,16275421
Singapore,SGP,1972,21720192
Singapore,SGP,1973,20690608
Singapore,SGP,1974,21427072
Singapore,SGP,1975,23863632
Singapore,SGP,1976,29337648
Singapore,SGP,1977,27611904
Singapore,SGP,1978,32463040
Singapore,SGP,1979,35419820
Singapore,SGP,1980,30433184
Singapore,SGP,1981,25706624
Singapore,SGP,1982,28381510
Singapore,SGP,1983,33397362
Singapore,SGP,1984,31968554
Singapore,SGP,1985,32397088
Singapore,SGP,1986,34100850
Singapore,SGP,1987,31810848
Singapore,SGP,1988,35280656
Singapore,SGP,1989,41003824
Singapore,SGP,1990,43535576
Singapore,SGP,1991,44235470
Singapore,SGP,1992,47441470
Singapore,SGP,1993,49661856
Singapore,SGP,1994,60085936
Singapore,SGP,1995,40545824
Singapore,SGP,1996,48012940
Singapore,SGP,1997,56737040
Singapore,SGP,1998,47412160
Singapore,SGP,1999,49200190
Singapore,SGP,2000,48394110
Singapore,SGP,2001,49200212
Singapore,SGP,2002,47093390
Singapore,SGP,2003,49434690
Singapore,SGP,2004,46858896
Singapore,SGP,2005,41586400
Singapore,SGP,2006,42308210
Singapore,SGP,2007,30781264
Singapore,SGP,2008,46705010
Singapore,SGP,2009,45250400
Singapore,SGP,2010,43048336
Singapore,SGP,2011,34016576
Singapore,SGP,2012,50706096
Singapore,SGP,2013,54908704
Singapore,SGP,2014,52109410
Singapore,SGP,2015,61925264
Singapore,SGP,2016,40289344
Singapore,SGP,2017,40014544
Singapore,SGP,2018,50035584
Singapore,SGP,2019,33778416
Singapore,SGP,2020,54813440
Singapore,SGP,2021,55830696
Singapore,SGP,2022,53252430
Thailand,THA,1931,29074
Thailand,THA,1932,25440
Thailand,THA,1933,21806
Thailand,THA,1934,25440
Thailand,THA,1935,25440
Thailand,THA,1936,29074
Thailand,THA,1937,36343
Thailand,THA,1938,39977
Thailand,THA,1939,47246
Thailand,THA,1940,58149
Thailand,THA,1941,58149
Thailand,THA,1943,32708.998
Thailand,THA,1944,14537
Thailand,THA,1947,29074
Thailand,THA,1948,39977
Thailand,THA,1949,61783
Thailand,THA,1950,955618
Thailand,THA,1951,1090624
Thailand,THA,1952,1277729
Thailand,THA,1953,1643977
Thailand,THA,1954,2050292
Thailand,THA,1955,2372727
Thailand,THA,1956,2618158
Thailand,THA,1957,2922236
Thailand,THA,1958,3017294
Thailand,THA,1959,3321198
Thailand,THA,1960,3709492
Thailand,THA,1961,4140715
Thailand,THA,1962,5026779
Thailand,THA,1963,5561604
Thailand,THA,1964,7470283
Thailand,THA,1965,7440199
Thailand,THA,1966,9465437
Thailand,THA,1967,12150141
Thailand,THA,1968,17075662
Thailand,THA,1969,14540027
Thailand,THA,1970,15352543
Thailand,THA,1971,19202178
Thailand,THA,1972,21759532
Thailand,THA,1973,24344560
Thailand,THA,1974,24103836
Thailand,THA,1975,24236140
Thailand,THA,1976,28554744
Thailand,THA,1977,31869152
Thailand,THA,1978,34741212
Thailand,THA,1979,36362616
Thailand,THA,1980,39717524
Thailand,THA,1981,37523256
Thailand,THA,1982,37311810
Thailand,THA,1983,41745956
Thailand,THA,1984,45116800
Thailand,THA,1985,47791670
Thailand,THA,1986,48768180
Thailand,THA,1987,53571300
Thailand,THA,1988,60490628
Thailand,THA,1989,71403816
Thailand,THA,1990,86563260
Thailand,THA,1991,95044850
Thailand,THA,1992,105513440
Thailand,THA,1993,121855064
Thailand,THA,1994,136870020
Thailand,THA,1995,153650030
Thailand,THA,1996,173565810
Thailand,THA,1997,181202720
Thailand,THA,1998,159704050
Thailand,THA,1999,167234720
Thailand,THA,2000,167352140
Thailand,THA,2001,172266850
Thailand,THA,2002,184665460
Thailand,THA,2003,191087730
Thailand,THA,2004,207330690
Thailand,THA,2005,214325140
Thailand,THA,2006,215824670
Thailand,THA,2007,224082600
Thailand,THA,2008,224248700
Thailand,THA,2009,228836240
Thailand,THA,2010,241018980
Thailand,THA,2011,244878160
Thailand,THA,2012,262347660
Thailand,THA,2013,263753500
Thailand,THA,2014,272487650
Thailand,THA,2015,277098700
Thailand,THA,2016,284045300
Thailand,THA,2017,283347620
Thailand,THA,2018,288346340
Thailand,THA,2019,281870340
Thailand,THA,2020,271852000
Thailand,THA,2021,267219020
Thailand,THA,2022,270746370
Vietnam,VNM,1892,212512
Vietnam,VNM,1893,663184
Vietnam,VNM,1894,304112
Vietnam,VNM,1895,179536
Vietnam,VNM,1896,362736
Vietnam,VNM,1897,523952
Vietnam,VNM,1898,655856
Vietnam,VNM,1899,732800
Vietnam,VNM,1900,512960.03
Vietnam,VNM,1901,501968.03
Vietnam,VNM,1902,399376
Vietnam,VNM,1903,556928
Vietnam,VNM,1904,802416
Vietnam,VNM,1905,791424
Vietnam,VNM,1906,835392
Vietnam,VNM,1907,850048
Vietnam,VNM,1908,919664
Vietnam,VNM,1909,1018592
Vietnam,VNM,1910,1322704
Vietnam,VNM,1911,1157824
Vietnam,VNM,1912,1139504
Vietnam,VNM,1913,1352016
Vietnam,VNM,1914,1645136
Vietnam,VNM,1915,1707424
Vietnam,VNM,1916,1817344
Vietnam,VNM,1917,1736736
Vietnam,VNM,1918,1689104
Vietnam,VNM,1919,1766048
Vietnam,VNM,1920,1857648
Vietnam,VNM,1921,2443888
Vietnam,VNM,1922,2627088
Vietnam,VNM,1923,2802960
Vietnam,VNM,1924,3279280
Vietnam,VNM,1925,3616368
Vietnam,VNM,1926,3422176
Vietnam,VNM,1927,3957120
Vietnam,VNM,1928,5297490
Vietnam,VNM,1929,5323049
Vietnam,VNM,1930,5271813
Vietnam,VNM,1931,4656320
Vietnam,VNM,1932,4626949
Vietnam,VNM,1933,4275442
Vietnam,VNM,1934,4282741
Vietnam,VNM,1935,4762754
Vietnam,VNM,1936,5872798
Vietnam,VNM,1937,6238841
Vietnam,VNM,1938,6352306
Vietnam,VNM,1939,7092256
Vietnam,VNM,1940,6769943
Vietnam,VNM,1941,6326510
Vietnam,VNM,1942,3384823
Vietnam,VNM,1943,2769479
Vietnam,VNM,1944,1425296
Vietnam,VNM,1945,615522
Vietnam,VNM,1946,714331
Vietnam,VNM,1947,710667
Vietnam,VNM,1948,999886
Vietnam,VNM,1949,1076592
Vietnam,VNM,1950,1479660
Vietnam,VNM,1951,1285202
Vietnam,VNM,1952,1864055
Vietnam,VNM,1953,1750203
Vietnam,VNM,1954,2670016
Vietnam,VNM,1955,3523550
Vietnam,VNM,1956,2908414
Vietnam,VNM,1957,2875587
Vietnam,VNM,1958,5014798
Vietnam,VNM,1959,6604647
Vietnam,VNM,1960,7483918
Vietnam,VNM,1961,7978350
Vietnam,VNM,1962,9337664
Vietnam,VNM,1963,9110377
Vietnam,VNM,1964,11787840
Vietnam,VNM,1965,13149927
Vietnam,VNM,1966,19181138
Vietnam,VNM,1967,22962178
Vietnam,VNM,1968,23600902
Vietnam,VNM,1969,27055640
Vietnam,VNM,1970,28172980
Vietnam,VNM,1971,24503596
Vietnam,VNM,1972,23034844
Vietnam,VNM,1973,25067894
Vietnam,VNM,1974,19058020
Vietnam,VNM,1975,21771390
Vietnam,VNM,1976,13898657
Vietnam,VNM,1977,15246793
Vietnam,VNM,1978,15387687
Vietnam,VNM,1979,16249706
Vietnam,VNM,1980,16789038
Vietnam,VNM,1981,17695406
Vietnam,VNM,1982,18341628
Vietnam,VNM,1983,19269692
Vietnam,VNM,1984,17495162
Vietnam,VNM,1985,21097420
Vietnam,VNM,1986,20584666
Vietnam,VNM,1987,23296900
Vietnam,VNM,1988,23072536
Vietnam,VNM,1989,17397910
Vietnam,VNM,1990,21298646
Vietnam,VNM,1991,21375534
Vietnam,VNM,1992,21466460
Vietnam,VNM,1993,22853002
Vietnam,VNM,1994,27362152
Vietnam,VNM,1995,30088820
Vietnam,VNM,1996,35481510
Vietnam,VNM,1997,45502070
Vietnam,VNM,1998,47866350
Vietnam,VNM,1999,48548324
Vietnam,VNM,2000,53935468
Vietnam,VNM,2001,60983830
Vietnam,VNM,2002,69527790
Vietnam,VNM,2003,77261570
Vietnam,VNM,2004,88939180
Vietnam,VNM,2005,95845720
Vietnam,VNM,2006,99652260
Vietnam,VNM,2007,101429540
Vietnam,VNM,2008,114302696
Vietnam,VNM,2009,124493390
Vietnam,VNM,2010,139563840
Vietnam,VNM,2011,152560270
Vietnam,VNM,2012,144277150
Vietnam,VNM,2013,151437980
Vietnam,VNM,2014,181842880
Vietnam,VNM,2015,215461950
Vietnam,VNM,2016,223203940
Vietnam,VNM,2017,229642500
Vietnam,VNM,2018,257722290
Vietnam,VNM,2019,341788800
Vietnam,VNM,2020,363342660
Vietnam,VNM,2021,352553020
Vietnam,VNM,2022,343606620
World,OWID_WRL,1750,9305937
World,OWID_WRL,1751,9407229
World,OWID_WRL,1752,9505168
World,OWID_WRL,1753,9610490
World,OWID_WRL,1754,9733580
World,OWID_WRL,1755,9793468
World,OWID_WRL,1756,9909914
World,OWID_WRL,1757,10093936
World,OWID_WRL,1758,10216358
World,OWID_WRL,1759,10338854
World,OWID_WRL,1760,10514331
World,OWID_WRL,1761,10747885
World,OWID_WRL,1762,10952198
World,OWID_WRL,1763,11191592
World,OWID_WRL,1764,11396982
World,OWID_WRL,1765,11643486
World,OWID_WRL,1766,11876080
World,OWID_WRL,1767,12152509
World,OWID_WRL,1768,12466936
World,OWID_WRL,1769,12780074
World,OWID_WRL,1770,13097216
World,OWID_WRL,1771,13369488
World,OWID_WRL,1772,13623507
World,OWID_WRL,1773,13808138
World,OWID_WRL,1774,14012415
World,OWID_WRL,1775,14338920
World,OWID_WRL,1776,14654124
World,OWID_WRL,1777,14959537
World,OWID_WRL,1778,15243483
World,OWID_WRL,1779,15535235
World,OWID_WRL,1780,15878726
World,OWID_WRL,1781,16234383
World,OWID_WRL,1782,16580954
World,OWID_WRL,1783,17062752
World,OWID_WRL,1784,17471092
World,OWID_WRL,1785,17965128
World,OWID_WRL,1786,18447496
World,OWID_WRL,1787,18859130
World,OWID_WRL,1788,19286228
World,OWID_WRL,1789,19863424
World,OWID_WRL,1790,20398094
World,OWID_WRL,1791,20931750
World,OWID_WRL,1792,21929214
World,OWID_WRL,1793,22297260
World,OWID_WRL,1794,22519656
World,OWID_WRL,1795,22315246
World,OWID_WRL,1796,22121374
World,OWID_WRL,1797,22090078
World,OWID_WRL,1798,23105928
World,OWID_WRL,1799,27485206
World,OWID_WRL,1800,32798352
World,OWID_WRL,1801,31986050
World,OWID_WRL,1802,40310476
World,OWID_WRL,1803,29538506
World,OWID_WRL,1804,31769176
World,OWID_WRL,1805,31251818
World,OWID_WRL,1806,32704620
World,OWID_WRL,1807,36200652
World,OWID_WRL,1808,35497788
World,OWID_WRL,1809,36333812
World,OWID_WRL,1810,39492310
World,OWID_WRL,1811,40176680
World,OWID_WRL,1812,40814520
World,OWID_WRL,1813,41206140
World,OWID_WRL,1814,42226650
World,OWID_WRL,1815,43587264
World,OWID_WRL,1816,45496580
World,OWID_WRL,1817,49275920
World,OWID_WRL,1818,51392010
World,OWID_WRL,1819,50930170
World,OWID_WRL,1820,50733076
World,OWID_WRL,1821,52059348
World,OWID_WRL,1822,54021710
World,OWID_WRL,1823,56357760
World,OWID_WRL,1824,57583636
World,OWID_WRL,1825,60730864
World,OWID_WRL,1826,61382130
World,OWID_WRL,1827,65738572
World,OWID_WRL,1828,66681790
World,OWID_WRL,1829,66307412
World,OWID_WRL,1830,88988260
World,OWID_WRL,1831,83250616
World,OWID_WRL,1832,82091560
World,OWID_WRL,1833,83248700
World,OWID_WRL,1834,88763100
World,OWID_WRL,1835,97399600
World,OWID_WRL,1836,106894500
World,OWID_WRL,1837,106199420
World,OWID_WRL,1838,105845260
World,OWID_WRL,1839,109653030
World,OWID_WRL,1840,118808510
World,OWID_WRL,1841,122165550
World,OWID_WRL,1842,129388790
World,OWID_WRL,1843,132369384
World,OWID_WRL,1844,141942270
World,OWID_WRL,1845,155037360
World,OWID_WRL,1846,157656130
World,OWID_WRL,1847,170740910
World,OWID_WRL,1848,173579870
World,OWID_WRL,1849,184931980
World,OWID_WRL,1850,196751970
World,OWID_WRL,1851,198668110
World,OWID_WRL,1852,207414200
World,OWID_WRL,1853,217120430
World,OWID_WRL,1854,255033170
World,OWID_WRL,1855,260104400
World,OWID_WRL,1856,277296450
World,OWID_WRL,1857,279932000
World,OWID_WRL,1858,284225150
World,OWID_WRL,1859,301481250
World,OWID_WRL,1860,330962600
World,OWID_WRL,1861,347785820
World,OWID_WRL,1862,354488900
World,OWID_WRL,1863,378180160
World,OWID_WRL,1864,407725980
World,OWID_WRL,1865,432859140
World,OWID_WRL,1866,446553600
World,OWID_WRL,1867,478160740
World,OWID_WRL,1868,491551940
World,OWID_WRL,1869,521954200
World,OWID_WRL,1870,533338270
World,OWID_WRL,1871,566891300
World,OWID_WRL,1872,627301250
World,OWID_WRL,1873,666481200
World,OWID_WRL,1874,624232500
World,OWID_WRL,1875,677113860
World,OWID_WRL,1876,686780200
World,OWID_WRL,1877,700404400
World,OWID_WRL,1878,705973570
World,OWID_WRL,1879,755990460
World,OWID_WRL,1880,853916350
World,OWID_WRL,1881,883544060
World,OWID_WRL,1882,933360100
World,OWID_WRL,1883,992753600
World,OWID_WRL,1884,1004134100
World,OWID_WRL,1885,1011637100
World,OWID_WRL,1886,1027417500
World,OWID_WRL,1887,1078746900
World,OWID_WRL,1888,1194352600
World,OWID_WRL,1889,1194624000
World,OWID_WRL,1890,1300362400
World,OWID_WRL,1891,1361750100
World,OWID_WRL,1892,1372396500
World,OWID_WRL,1893,1355477200
World,OWID_WRL,1894,1403019100
World,OWID_WRL,1895,1487432300
World,OWID_WRL,1896,1536365600
World,OWID_WRL,1897,1609231600
World,OWID_WRL,1898,1697166300
World,OWID_WRL,1899,1853709200
World,OWID_WRL,1900,1952209500
World,OWID_WRL,1901,2016744400
World,OWID_WRL,1902,2067683800
World,OWID_WRL,1903,2254100200
World,OWID_WRL,1904,2279747300
World,OWID_WRL,1905,2427318300
World,OWID_WRL,1906,2534733000
World,OWID_WRL,1907,2888318000
World,OWID_WRL,1908,2776440800
World,OWID_WRL,1909,2890495000
World,OWID_WRL,1910,3034089700
World,OWID_WRL,1911,3079502000
World,OWID_WRL,1912,3235963600
World,OWID_WRL,1913,3506275800
World,OWID_WRL,1914,3180355600
World,OWID_WRL,1915,3134854000
World,OWID_WRL,1916,3385858300
World,OWID_WRL,1917,3540426800
World,OWID_WRL,1918,3493264100
World,OWID_WRL,1919,3029006600
World,OWID_WRL,1920,3521427500
World,OWID_WRL,1921,3090096600
World,OWID_WRL,1922,3240313900
World,OWID_WRL,1923,3676233200
World,OWID_WRL,1924,3687220200
World,OWID_WRL,1925,3727033600
World,OWID_WRL,1926,3661030400
World,OWID_WRL,1927,3996128800
World,OWID_WRL,1928,3978763300
World,OWID_WRL,1929,4270907600
World,OWID_WRL,1930,3938598400
World,OWID_WRL,1931,3519903200
World,OWID_WRL,1932,3173476400
World,OWID_WRL,1933,3341518300
World,OWID_WRL,1934,3634241800
World,OWID_WRL,1935,3814798300
World,OWID_WRL,1936,4185513700
World,OWID_WRL,1937,4474233000
World,OWID_WRL,1938,4206901000
World,OWID_WRL,1939,4451247000
World,OWID_WRL,1940,4861346000
World,OWID_WRL,1941,4970814500
World,OWID_WRL,1942,4959586000
World,OWID_WRL,1943,5041694000
World,OWID_WRL,1944,5117908500
World,OWID_WRL,1945,4257136000
World,OWID_WRL,1946,4646123500
World,OWID_WRL,1947,5145782000
World,OWID_WRL,1948,5424953000
World,OWID_WRL,1949,5181006000
World,OWID_WRL,1950,5929342000
World,OWID_WRL,1951,6381405700
World,OWID_WRL,1952,6467437000
World,OWID_WRL,1953,6650861600
World,OWID_WRL,1954,6789497300
World,OWID_WRL,1955,7443861000
World,OWID_WRL,1956,7925980700
World,OWID_WRL,1957,8185614000
World,OWID_WRL,1958,8417160000
World,OWID_WRL,1959,8854662000
World,OWID_WRL,1960,9386421000
World,OWID_WRL,1961,9414383000
World,OWID_WRL,1962,9746556000
World,OWID_WRL,1963,10266046000
World,OWID_WRL,1964,10823619000
World,OWID_WRL,1965,11309690000
World,OWID_WRL,1966,11861708000
World,OWID_WRL,1967,12236328000
World,OWID_WRL,1968,12904336000
World,OWID_WRL,1969,13760840000
World,OWID_WRL,1970,14898157000
World,OWID_WRL,1971,15502787000
World,OWID_WRL,1972,16223440000
World,OWID_WRL,1973,17083500000
World,OWID_WRL,1974,17009382000
World,OWID_WRL,1975,17049979000
World,OWID_WRL,1976,17985243000
World,OWID_WRL,1977,18494652000
World,OWID_WRL,1978,19063955000
World,OWID_WRL,1979,19603001000
World,OWID_WRL,1980,19482442000
World,OWID_WRL,1981,19016950000
World,OWID_WRL,1982,18865373000
World,OWID_WRL,1983,18985900000
World,OWID_WRL,1984,19641730000
World,OWID_WRL,1985,20305132000
World,OWID_WRL,1986,20607515000
World,OWID_WRL,1987,21245784000
World,OWID_WRL,1988,22077385000
World,OWID_WRL,1989,22378970000
World,OWID_WRL,1990,22752700000
World,OWID_WRL,1991,23229475000
World,OWID_WRL,1992,22567199000
World,OWID_WRL,1993,22798350000
World,OWID_WRL,1994,23034776000
World,OWID_WRL,1995,23524491000
World,OWID_WRL,1996,24250161000
World,OWID_WRL,1997,24395952000
World,OWID_WRL,1998,24330945000
World,OWID_WRL,1999,24833495000
World,OWID_WRL,2000,25501286000
World,OWID_WRL,2001,25674930000
World,OWID_WRL,2002,26248288000
World,OWID_WRL,2003,27648650000
World,OWID_WRL,2004,28620194000
World,OWID_WRL,2005,29592103000
World,OWID_WRL,2006,30605767000
World,OWID_WRL,2007,31499735000
World,OWID_WRL,2008,32041902000
World,OWID_WRL,2009,31493265000
World,OWID_WRL,2010,33306330000
World,OWID_WRL,2011,34436470000
World,OWID_WRL,2012,34935450000
World,OWID_WRL,2013,35232470000
World,OWID_WRL,2014,35466195000
World,OWID_WRL,2015,35463213000
World,OWID_WRL,2016,35460026000
World,OWID_WRL,2017,36025455000
World,OWID_WRL,2018,36766945000
World,OWID_WRL,2019,37040103000
World,OWID_WRL,2020,35007738000
World,OWID_WRL,2021,36816544000
World,OWID_WRL,2022,37149786000
